identifier,status,responsible,priority,competency_question,ontology_classes,ontology_properties,related_kos,sparql_file,description
INM01,Proposed,UPM,high,"What types of real estate transactions exist in the listings?
¿Qué tipos de transacción inmobiliaria existen en los anuncios?",edintinm:RealEstateListing,edintinm:transactionType,https://edint.es/kos/transaction-type,INM01.sparql,Retrieve all distinct transaction types available in the ontology
INM02,Proposed,UPM,high,"What information is contained in a real estate listing?
¿Qué información contiene un anuncio inmobiliario?",edintinm:RealEstateListing,edintinm:propertyType,https://edint.es/kos/uso,INM02.sparql,Query all properties and attributes of real estate listings
INM03,Proposed,UPM,high,"How is a listing related to a cadastral entity?
¿Cómo se relaciona un anuncio con una entidad catastral?",edintinm:RealEstateListing,edintinm:refersToCadastralEntity,edint-ontologia-catastro,INM03.sparql,Find cadastral entities referenced by real estate listings
INM04,Proposed,UPM,high,"What properties does a property have in a sale listing?
¿Qué propiedades tiene un inmueble en venta?",edintinm:RealEstateListing,edintinm:propertyType,https://edint.es/kos/uso,INM04.sparql,Query properties with specific transaction type (sale)
INM05,Proposed,UPM,high,"What is the current status of a real estate listing?
¿Cuál es el estado actual de un anuncio inmobiliario?",edintinm:RealEstateListing,edintinm:isActive,dcterms:identifier,INM05.sparql,Check status of real estate listings (active/inactive)
INM06,Proposed,UPM,high,"What types of properties can be advertised?
¿Qué tipos de inmuebles se pueden anunciar?",edintinm:RealEstateListing,edintinm:propertyType,https://edint.es/kos/uso,INM06.sparql,Retrieve all property types used in listings
INM07,Proposed,UPM,high,"How is the location of a property specified?
¿Cómo se especifica la ubicación de un inmueble?",edintinm:RealEstateListing,geo:hasGeometry,geo:asWKT,INM07.sparql,Query geographic location of properties in listings
